Workbook

Sheet замечания МГЭ
A1: Дело: | C1: МГЭ/56181-1/9 от 29.12.2025
A2: Объект: | C2: Капитальный ремонт здания Государственного бюджетного общеобразовательного учреждения города Москвы «Школа № 236». 1 этап
A3: Текущий уровень цен | C3: III квартал 2025 года
A5: № п/п | B5: Шифр | C5: Наименование МТР | D5: Единица измерения | E5: Количество | F5: Заявленная стоимость, руб./ед.изм. с НДС | G5: ВСЕГО заявленная стоимость, руб. с НДС | H5: Примечание по ПД | I5: Объем МТР в ВОР
A6: 45,1 | B6: КА-1 | C6: Трехрожковый настенный кронштейн для флага 81,73 = [950 / 1,2 / 9,88] + 2% Заг.скл | D6: ШТ | E6: 1 | F6: 950 | G6: =F6*E6 -> 950 | I6: Необходимо подтвердить наличие МТР данными ПД/
A7: 49,1 | B7: КА-2 | C7: Пеностекло толщ. 150 мм 2 796,05 = [32 500 / 1,2 / 9,88] + 2% Заг.скл | D7: м3 | E7: 26.83665 | F7: 32500 | G7: =F7*E7 -> 872191.12 | H7: Объемы МТР необходимо привести в соответствие с ВОР АР. | I7: =173.7*0.15 -> 26.055
A8: 61,1 | B8: КА 3 | C8: Металлическое ограждения высотой 1200 мм из нержавеющей полированной стали высотой 1200 мм в осях 18-20/К, поручни на высоте 900 и 500 мм с нетравмирующим завершением, заполнение ограждения из вертикальных элементов-стоек с шагом не более 100 мм 743,31 = [8 639,95 / 1,2 / 9,88] + 2% Заг.скл | D8: МП | E8: 21.35 | F8: 8639.95 | G8: =F8*E8 -> 184462.93 | I8: =E8 -> 21.35
A9: 62,1 | B9: КА 4 | C9: Ограждение лестницы на пандусе высотой 900 мм Поручни на высоте 900 мм: Труба C50х1,5 473,18 = [5 500 / 1,2 / 9,88] + 2% Заг.скл | D9: МП | E9: 56.16 | F9: 5500 | G9: =F9*E9 -> 308880 | I9: =E9 -> 56.16
A10: 63,1 | B10: КА 4 | C10: Ограждение лестницы на служебном входе из пищеблока, входной площадке, дебаркадере, высотой 900 мм Поручни на высоте 900 мм: Труба C50х1,5 473,18 = [5 500 / 1,2 / 9,88] + 2% Заг.скл | D10: МП | E10: 460 | F10: 5500 | G10: =F10*E10 -> 2530000 | I10: =E10 -> 460
A11: 66,5 | B11: КА 5 | C11: Керамогранит толщиной 20 мм 404,35 = [4 700 / 1,2 / 9,88] + 2% Заг.скл | D11: м2 | E11: 32.562 | F11: 4700 | G11: =F11*E11 -> 153041.4 | H11: Объемы МТР необходимо привести в соответствие с ВОР АР. | I11: 30.15
A12: 80,1 | B12: КА 6 | C12: Металлические грязезащитные решетки (Щетка +Резина + Скребок) =1,5 м*0,5 м*8 шт. =6 м2 2 120,01 = [24 642 / 1,2 / 9,88] + 2% Заг.скл | D12: м2 | E12: 6 | F12: 24642 | G12: =F12*E12 -> 147852 | I12: =1.5*0.5*8 -> 6
A13: 123,1 | B13: КА-2 | C13: Пеностекло толщ. 100 мм 2 796,05 = [32 500 / 1,2 / 9,88] + 2% Заг.скл | D13: м3 | E13: 13.4724 | F13: 32500 | G13: =F13*E13 -> 437853 | H13: Необходимо подтвердить наличие МТР данными ПД.
A14: 151,1 | B14: КА -8 | C14: Трансформируемые глухие перегородки по направляющим профилям в полу и потолке с использованием ограничителей хода с заполнением звукоизоляционными панелями 2 777,99 = [32 290 / 1,2 / 9,88] + 2% Заг.скл | D14: м2 | E14: 79.2 | F14: 32290 | G14: =F14*E14 -> 2557368 | I14: =6*3.3*4 -> 79.2
A15: 157,1 | B15: КА 9 | C15: Т-образный профиль из нержавеющей стали 2700х9х14 мм 98,14 = [1 140,74 / 1,2 / 9,88] + 2% Заг.скл | D15: м | E15: 168 | F15: 1140.74 | G15: =F15*E15 -> 191644.32 | H15: Объемы МТР необходимо привести в соответствие с ВОР АР. | I15: 160
A16: 158,1 | B16: КА -10 | C16: Остекленные перегородки из алюминиевого профиля. Заполнение однокамерным стеклопакетом толщиной 50 мм с огнестойким стеклом, противопожарную с пределом огнестойкости не менее EIW30, класс защиты остекления СМ4 1 591,60 = [18 500 / 1,2 / 9,88] + 2% Заг.скл | D16: м2 | E16: 67.2 | F16: 18500 | G16: =F16*E16 -> 1243200 | I16: 67.2
A17: 159,1 | B17: КА 11 | C17: Сантехнические перегородки из HPL 731,28 = [8 500 / 1,2 / 9,88] + 2% Заг.скл | D17: м2 | E17: 89.2 | F17: 8500 | G17: =F17*E17 -> 758200 | I17: 89.2
A18: 164,1 | B18: КА 12 | C18: Декоративные стеновые панели кубообразные 80х80 мм 258,10 = [3 000 / 1,2 / 9,88] + 2% Заг.скл | D18: м2 | E18: 33.6 | F18: 3000 | G18: =F18*E18 -> 100800 | I18: 33.6
A19: 165,1 | B19: КА 4.1 | C19: Ограждение на внутренних лестничных клетках из нержавеющей полированной стали высотой 1200 мм (с двумя поручными): Поручни на высоте 500, 900 602,11 = [6 998,56 / 1,2 / 9,88] + 2% Заг.скл | D19: м | E19: 69.18 | F19: 6998.56 | G19: =F19*E19 -> 484160.38 | I19: 69.18
A20: 166,1 | B20: КА 13 | C20: Пристенный поручень для внутренних лестницы с двойным поручнем на высота 900 и 500 мм 473,18 = [5 500 / 1,2 / 9,88] + 2% Заг.скл | D20: м2 | E20: 64.4 | F20: 5500 | G20: =F20*E20 -> 354200 | H20: Единицы измерения МТР необходимо привести в соответствие с ПД - м.п. | I20: 64.4
A21: 167,1 | B21: КА 4.2 | C21: Ограждение лестницы в проеме окна (высота 1200) Вертикальное заполнение ригелей с шагом 100 мм 743,31 = [8 639,95 / 1,2 / 9,88] + 2% Заг.скл | D21: м | E21: 64.4 | F21: 8639.95 | G21: =F21*E21 -> 556412.78 | I21: 64.4
A22: 183,3 | B22: КА 30 | C22: Окно ПВХ ОК-1, ОК-1/1, ОК-1/2, ОК-1/3, ОК-1/4. Профильная система REHAU 70 Delight. Цвет RAL 7016. Ламинация. Фурнитура ROTO или аналог. Заполнение - двухкамерный стеклопакет (СМ4). Индивидуальное изготовление. Габариты: 2300*2050 2 460,53 = [28 600 / 1,2 / 9,88] + 2% Заг.скл | D22: м2 | E22: 1065.6 | F22: 28600 | G22: =F22*E22 -> 30476160 | I22: =[1]ПД!P3 -> 1065.59
A23: 183,4 | B23: КА 31 | C23: Окно Е30. ОК-1/1* Алюминиевый профиль Realit RW71, цвет RAL 7016. Заполнение -огнестойкое стекло, Размеры: 2300*2050 5 306,31 = [61 678 / 1,2 / 9,88] + 2% Заг.скл | D23: м2 | E23: 9.43 | F23: 61678 | G23: =F23*E23 -> 581623.54 | H23: Технические характеристики МТР необходимо привести в соответствие с ПД - окно ПВХ, а не алюминиевое. | I23: =2.3*2.05*2 -> 9.43
A24: 184,3 | B24: КА 32 | C24: Окно ПВХ ОК-3, ОК-4. Профильная система REHAU 70 Delight. Цвет RAL 7016. Ламинация. Фурнитура ROTO или аналог. Заполнение -двухкамерный стеклопакет (СМ4 ). Индивидуальное изготовление. Размеры: 2300*776 2 460,53 = [28 600 / 1,2 / 9,88] + 2% Заг.скл | D24: м2 | E24: 29.28 | F24: 28600 | G24: =F24*E24 -> 837408 | I24: =2.3*0.776*4+0.9*2.05*12 -> 29.2792
A25: 184,4 | B25: КА 33 | C25: Окно ЕЗО. ОК-1/4* Алюминиевый профиль Realit RW71, цвет RAL 7016. Заполнение - огнестойкое стекло. Индивидуальное изготовление. Размеры: 2400*400 5 306,31 = [61 678 / 1,2 / 9,88] + 2% Заг.скл | D25: м2 | E25: 2.88 | F25: 61678 | G25: =F25*E25 -> 177632.64 | H25: Технические характеристики МТР необходимо привести в соответствие с ПД - окно ПВХ, а не алюминиевое. | I25: =2.4*0.4*3 -> 2.88
A26: 185,3 | B26: КА 34 | C26: Окно ПВХ. ОК-3/1 Профильная система REHAU 70 Delight. Цвет RAL 7016. Ламинация. Фурнитура ROTO или аналог. Заполнение - двухкамерный стеклопакет (СМ4 ). Индивидуальное изготовление. Размеры: 2300*776 2 460,53 = [28 600 / 1,2 / 9,88] + 2% Заг.скл | D26: м2 | E26: 10.71 | F26: 28600 | G26: =F26*E26 -> 306306 | I26: =2.3*0.776*6 -> 10.7088
A27: 185,4 | B27: КА 35 | C27: Окно ПВХ. ОК-5 Профильная система REHAU 70 Delight. Цвет RAL 7016. Ламинация. Фурнитура ROTO или аналог. Заполнение -двухкамерный стеклопакет (СМ4 ). Индивидуальное изготовление. Размеры: 900*2050 2 460,53 = [28 600 / 1,2 / 9,88] + 2% Заг.скл | D27: м2 | E27: 5.54 | F27: 28600 | G27: =F27*E27 -> 158444 | I27: =0.9*2.05*3 -> 5.535
A28: 186,3 | B28: КА 36 | C28: Окно ПВХ. ОК-2/1 Профильная система REHAU 70 Delight. Цвет RAL 7016. Ламинация. Фурнитура ROTO или аналог. Заполнение - двухкамерный стеклопакет (СМ4). Размеры: 2300*2050 2 460,53 = [28 600 / 1,2 / 9,88] + 2% Заг.скл | D28: м2 | E28: 9.43 | F28: 28600 | G28: =F28*E28 -> 269698 | I28: =2.3*2.05*2 -> 9.43
A29: 187,3 | B29: КА 37 | C29: Окно Е30. ОК-1* Алюминиевый профиль Realit RW71, цвет RAL 7016. Заполнение -огнестойкое стекло. Размеры: 2300*2050 5 306,31 = [61 678 / 1,2 / 9,88] + 2% Заг.скл | D29: м2 | E29: 169.74 | F29: 61678 | G29: =F29*E29 -> 10469224 | I29: =2.3*2.05*36 -> 169.74
A30: 188,3 | B30: КА 38 | C30: Окно Е30. ОК-3* Алюминиевый профиль Realit RW71, цвет RAL 7016. Заполнение -огнестойкое стекло. Размеры: 2300*776 5 306,31 = [61 678 / 1,2 / 9,88] + 2% Заг.скл | D30: м2 | E30: 17.848 | F30: 61678 | G30: =F30*E30 -> 1100828.9 | I30: =2.3*0.776*10 -> 17.848
A31: 189,1 | B31: КА 68 | C31: Рольставни металлические 700х1272 мм 1 471,16 = [17 100 / 1,2 / 9,88] + 2% Заг.скл | D31: шт. | E31: 4 | F31: 17100 | G31: =F31*E31 -> 68400 | I31: Необходимо подтвердить наличие МТР данными ПД/
A32: 192,1 | B32: КА 63 | C32: Керамическая плитка Kerama Marazzi Монфорте белый матовый обрезной 14010R 269,03 = [3 127 / 1,2 / 9,88] + 2% Заг.скл | D32: м2 | E32: 233.32 | F32: 3127 | G32: =F32*E32 -> 729591.64 | I32: =583.3*0.4 -> 233.32
A33: 193,1 | B33: КА 63 | C33: Подоконники деревянные, совмещенные с защитными экранами радиаторов отопления: подоконник толщиной 24мм, материал фанера березовая с покрытием огнестойким лаком КМ1; фасад экрана толщиной 12мм, материал МДФ с противопожарной обработкой КМ1 с 2-х сторон и окрашенный с 2-х сторон 1 743,02 = [20 260 / 1,2 / 9,88] + 2% Заг.скл | D33: м | E33: 1457.5 | F33: 20260 | G33: =F33*E33 -> 29528950 | I33: =E33 -> 1457.5
A34: 198,1 | B34: КА 39 | C34: Витраж. / ВН-1, ВН-2, ВН-3, ВН-4, ВН-5 Алюминиевый профиль Realit RF50, окрашенный порошковой краской, цвет RAL 7016. Заполнение - Стемалит \ Стеклопакет. (6М1/зак-12-4М1-10-441 И) (СМ4) Индивидуальное изготовление (без учета квадратуры дверей) 4 668,89 = [54 269 / 1,2 / 9,88] + 2% Заг.скл | D34: м2 | E34: 127.14 | F34: 54269 | G34: =F34*E34 -> 6899760.7 | H34: Объемы МТР необходимо привести в соответствие с ВОР АР - необходимо вычесть площади дверей, т.к. они включены в смету отдельно. | I34: =[1]ПД!P94 -> 117.012
A35: 198,2 | B35: КА 43 | C35: Бронированная пленка к ВН-1, ВН-2, ВН-3, ВН-4, ВН-5 335,53 = [3 900 / 1,2 / 9,88] + 2% Заг.скл | D35: м2 | E35: 127.14 | F35: 3900 | G35: =F35*E35 -> 495846 | I35: =I34 -> 117.012
A36: 198,3 | B36: КА 44 | C36: Ручка-поручень, на высоту створки.нержавеющая сталь комплект/ ВН-4, ВН-5 2 354,16 = [27 363,7 / 1,2 / 9,88] + 2% Заг.скл | D36: компл. | E36: 4 | F36: 27363.7 | G36: =F36*E36 -> 109454.8 | I36: 4
A37: 200,1 | B37: КА 40 | C37: Вв-6, Вв-7 Витраж EIW30 с дверью. Перегородка Алюминиевый профиль Realit RF50, окрашенный порошковой краской, цвет RAL 7016. Заполнение - огнестойкое стекло. Индивидуальное изготовление 5 201,35 = [60 458 / 1,2 / 9,88] + 2% Заг.скл | D37: м2 | E37: 71.99 | F37: 60458 | G37: =F37*E37 -> 4352371.4 | I37: =[1]ПД!P163 -> 71.99325
A38: 200,2 | B38: КА 44 | C38: Ручка-поручень, на высоту створки.нержавеющая сталь комплект/ Вв-6 -5 шт., Вв-7 -5 шт. 2 354,16 = [27 363,7 / 1,2 / 9,88] + 2% Заг.скл | D38: компл. | E38: 10 | F38: 27363.7 | G38: =F38*E38 -> 273637 | I38: 10
A39: 202,1 | B39: КА 41 | C39: Вв-8, 9, 10, 11, 11.1 Витраж ЕI30 Перегородка Алюминиевый профиль Realit RF50, окрашенный порошковой краской, цвет RAL 901 О. Заполнение -огнестойкое стекло. Индивидуальное изготовление 5 201,35 = [60 458 / 1,2 / 9,88] + 2% Заг.скл | D39: м2 | E39: 22.8 | F39: 60458 | G39: =F39*E39 -> 1378442.4 | I39: =E39 -> 22.8
A40: 202,2 | B40: КА 43 | C40: Бронированная пленка к Вв-8, 9, 10, 11, 11.1 335,53 = [3 900 / 1,2 / 9,88] + 2% Заг.скл | D40: м2 | E40: 22.8 | F40: 3900 | G40: =F40*E40 -> 88920 | I40: =E40 -> 22.8
A41: 202,3 | B41: КА 44 | C41: Ручка-поручень, на высоту створки.нержавеющая сталь комплект/ Вв-8, 9, 10, 11, 11.1 2 354,16 = [27 363,7 / 1,2 / 9,88] + 2% Заг.скл | D41: компл. | E41: 5 | F41: 27363.7 | G41: =F41*E41 -> 136818.5 | I41: 5
A42: 204,1 | B42: КА 42 | C42: Вв-12, 13,14 Витраж ЕI30 с дверью. Алюминиевый профиль Realit RF50, окрашенный порошковой краской, цвет RAL 7016. Заполнение -огнестойкое стекло. Индивидуальное изготовление 5 201,35 = [60 458 / 1,2 / 9,88] + 2% Заг.скл | D42: м2 | E42: 43.81 | F42: 60458 | G42: =F42*E42 -> 2648665 | I42: =[1]ПД!P349 -> 43.8075
A43: 204,2 | B43: КА 44 | C43: Ручка-поручень, на высоту створки.нержавеющая сталь комплект/ Вв-12, 13,14 2 354,16 = [27 363,7 / 1,2 / 9,88] + 2% Заг.скл | D43: компл. | E43: 3 | F43: 27363.7 | G43: =F43*E43 -> 82091.1 | I43: 3
A44: 208,3 | B44: КА 45 | C44: Дверной блок с фрамугой Дп.н-1, Дп.н-2, Дп.в-1, Дп.в-2, Дн-3, Дн-3/1, Дв-1, Дв-1.1 Алюминиевый профиль Realit RW64. Цвет RAL 7016. Заполнение - стеклопакет (СМ4). Стационарный порог. Петли Фурнитура Fapim. Индивидуальное изготовление. Габариты: 1200*2110 4 956,41 = [57 611 / 1,2 / 9,88] + 2% Заг.скл | D44: м2 | E44: 25.3 | F44: 57611 | G44: =F44*E44 -> 1457558.3 | H44: Необходимо исключить дверные блоки Дв-1, Дв-1.1. , т.к. они включены в смету отдельно - п. 208,5. | I44: =[1]ПД!P404 -> 30.384
A45: 208,4 | B45: КА 46 | C45: Дверной блок с фрамугой Дн-5. Алюминиевый профиль Realit RW64. Цвет RAL 7016. Заполнение - стеклопакет (СМ4). Стационарный порог. Петли Фурнитура Fapiш. Индивидуальное изготовление. Габариты: 900*2110 4 956,41 = [57 611 / 1,2 / 9,88] + 2% Заг.скл | D45: м2 | E45: 1.899 | F45: 57611 | G45: =F45*E45 -> 109403.29 | I45: =0.9*2.1*1 -> 1.89
A46: 208,5 | B46: КА 47 | C46: Дверной блок Дв-1, Дв-1.1. Алюминиевый профиль Realit RW64. Цвет RAL 7016. Заполнение - стеклопакет (СМ4). Автоматический порог. Петли Фурнитура Fapiш. Индивидуальное изготовление. Габариты: 1200*2100 4 747,36 = [55 181 / 1,2 / 9,88] + 2% Заг.скл | D46: м2 | E46: 128.52 | F46: 55181 | G46: =F46*E46 -> 7091862.1 | I46: =[1]ПД!P487 -> 128.52
A47: 208,6 | B47: КА 48 | C47: Дверной блок Дв-2, Дв-2.1, Дв-3, Дв-3.1, Дв-4, Дв-4/1 Дверной блок. Алюминиевый профиль Realit RW64, окрашенный порошковой краской, цвет RAL 7016. Заполнение - стеклопакет ( 6М 1 /зак-12-4Мl-10-441И) (СМ4). Автоматичекий порог. Петли Фурнитура Fapim. Размеры: 900*2100 4 747,36 = [55 181 / 1,2 / 9,88] + 2% Заг.скл | D47: м2 | E47: 49.14 | F47: 55181 | G47: =F47*E47 -> 2711594.3 | I47: =[1]ПД!P516 -> 49.14
A48: 208,7 | B48: КА 49 | C48: Дверной блок. Дв-4.1 Алюминиевый профиль Realit RW64, окрашенный порошковой краской, цвет RAL 7016. Заполнение - стеклопакет (6М1/зак-12-4М1-10-441И) (СМ4). Автоматичекий порог. Петли Фурнитура Fapim. Индивидуальное изготовление. Размеры: 900*2000 4 747,36 = [55 181 / 1,2 / 9,88] + 2% Заг.скл | D48: м2 | E48: 10.8 | F48: 55181 | G48: =F48*E48 -> 595954.8 | I48: =0.9*2*6 -> 10.8
A49: 208,8 | B49: КА 50 | C49: Дверной блок Дв-5, Дв-5.1 Дверной блок EIWlS. Алюминиевый профиль Realit RW64, окрашенный порошковой краской, цвет RAL 7016. Заполнение - огнестойкое стекло. Автоматичекий порог. Петли Фурнитура Fapim. Размеры: 1200*2110 5 201,35 = [60 458 / 1,2 / 9,88] + 2% Заг.скл | D49: м2 | E49: 32.916 | F49: 60458 | G49: =F49*E49 -> 1990035.5 | I49: =1.2*2.11*6+1.2*2.11*7 -> 32.916
A50: 208,9 | B50: КА 51 | C50: Дверной блок Дв-6, Дв-6.1 EIWЗ0. Алюминиевый профиль Realit RW64, окрашенный порошковой краской, цвет RAL 7016. Заполнение - огнестойкое стекло. Автоматичекий порог. Петли Фурнитура Fapim. Размеры: 900*2110 5 265,87 = [61 208 / 1,2 / 9,88] + 2% Заг.скл | D50: м2 | E50: 20.89 | F50: 61208 | G50: =F50*E50 -> 1278635.1 | I50: =0.9*2.11*4+0.9*2.11*7 -> 20.889
A51: 208,10 | B51: КА 52 | C51: Дверной блок Двс-8.1, Двс-8. Алюминиевый профиль Realit RW64, окрашенный порошковой краской, цвет RAL 7016. Заполнение - стеклопакет (6М1/зак-12-4М1-10-441И) (СМ4). Автоматичекий порог. Петли Фурнитура Fapim. Индивидуальное изготовление. Размеры: 1000*2110 4 747,36 = [55 181 / 1,2 / 9,88] + 2% Заг.скл | D51: м2 | E51: 6.33 | F51: 55181 | G51: =F51*E51 -> 349295.73 | I51: =1*2.11*2+1*2.11*1 -> 6.33
A52: 208,11 | B52: КА 53 | C52: Дверной блок Дв-12 EIWЗ0. Алюминиевый профиль Realit RW64, окрашенный порошковой краской, цвет RAL 7016. Заполнение - огнестойкое стекло. Автоматичекий порог. Петли Фурнитура Fapim. Размеры: 1200*2110 5 265,87 = [61 208 / 1,2 / 9,88] + 2% Заг.скл | D52: м2 | E52: 2.532 | F52: 61208 | G52: =F52*E52 -> 154978.66 | I52: =1.2*2.11*1 -> 2.532
A53: 208,12 | B53: КА 54 | C53: Дверной блок Дв-27, Дв-27.1, Дв-28, Дв-29 EIWЗ0. Алюминиевый профиль Realit RW64, окрашенный порошковой краской, цвет RAL 7016. Заполнение - огнестойкое стекло. Автоматичекий порог. Петли Фурнитура Fapim 5 265,87 = [61 208 / 1,2 / 9,88] + 2% Заг.скл | D53: м2 | E53: 48.108 | F53: 61208 | G53: =F53*E53 -> 2944594.5 | I53: =[1]ПД!P600 -> 48.048
A54: 208,13 | B54: КА 55 | C54: Дверной блок Дв-30, Дв-35.1 Алюминиевый профиль Realit RW64, окрашенный порошковой краской, цвет RAL 7016. Заполнение - стеклопакет (6М1/зак-12-4М1-10-441И) (СМ4). Автоматичекий порог. Петли Фурнитура Fapim. Размеры: 900*2100 4 747,36 = [55 181 / 1,2 / 9,88] + 2% Заг.скл | D54: м2 | E54: 3.78 | F54: 55181 | G54: =F54*E54 -> 208584.18 | I54: =0.9*2.1*1+0.9*2.1*1 -> 3.78
A55: 208,14 | B55: КА 56 | C55: Дверной блок Дв-39. Алюминиевый профиль Realit RW64, окрашенный порошковой краской, цвет RAL 7016. Заполнение - стеклопакет (6М1/зак-12- 4Мl-10-441И) (СМ4). Автоматичекий порог. Петли Фурнитура Fapim. Размеры: 1200*2100 4 747,36 = [55 181 / 1,2 / 9,88] + 2% Заг.скл | D55: м2 | E55: 2.52 | F55: 55181 | G55: =F55*E55 -> 139056.12 | I55: =1.2*2.1*1 -> 2.52
A56: 208,16 | B56: КА 44 | C56: Ручка-поручень, на высоту створки.нержавеющая сталь комплект/ Дп.н-1, Дп.н-2, Дп.в-1, Дп.в-2, Дн-3, Дн-3/1, Дв-1, Дв-1.1, Дв-2, Дв-2.1, Дв-3, Дв-3.1, Дв-4, Дв-4/1, Дв-4.1, Дв-6, Дв-6.1, Двс-8.1, Двс-8, Дв-12, Дв-30, Дв-35.1 2 354,16 = [27 363,7 / 1,2 / 9,88] + 2% Заг.скл | D56: компл. | E56: 112 | F56: 27363.7 | G56: =F56*E56 -> 3064734.4 | I56: =E56 -> 112
A57: 208,17 | B57: КА 43 | C57: Бронированная пленка к Дп.н-1, Дп.н-2, Дп.в-1, Дп.в-2, Дн-3, Дн-3/1, Дн-5, Дв-3, Дв-3.1, Дв-4, Дв-4.1, Дв-4/1, Двс-8.1, Двс-8, Дв-30, Дв-35.1, Дв-39 335,53 = [3 900 / 1,2 / 9,88] + 2% Заг.скл | D57: м2 | E57: 90.949 | F57: 3900 | G57: =F57*E57 -> 354701.1 | I57: =E57 -> 90.949
A58: 209,3 | B58: КА 57 | C58: Дверной блок Дн-4 с фрамугой. Алюминиевый профиль Realit RW64, окрашенный порошковой краской, цвет RAL 7016. Заполнение - стеклопакет (6М1/зак-12-4М1-10-441И).(СМ4) Стационарный порог. Петли Фурнитура Fapim. Размеры: 1500*2110 4 956,41 = [57 611 / 1,2 / 9,88] + 2% Заг.скл | D58: м2 | E58: 12.66 | F58: 57611 | G58: =F58*E58 -> 729355.26 | I58: =1.5*2.11*4 -> 12.66
A59: 209,5 | B59: КА 44 | C59: Ручка-поручень, на высоту створки.нержавеющая сталь комплект 2 354,16 = [27 363,7 / 1,2 / 9,88] + 2% Заг.скл | D59: компл. | E59: 4 | F59: 27363.7 | G59: =F59*E59 -> 109454.8 | H59: Необходимо подтвердить наличие МТР данными ПД.
A60: 209,6 | B60: КА 43 | C60: Бронированная пленка 335,53 = [3 900 / 1,2 / 9,88] + 2% Заг.скл | D60: м2 | E60: 12.66 | F60: 3900 | G60: =F60*E60 -> 49374 | I60: =I58 -> 12.66
A61: 210,3 | B61: КА 58 | C61: Дверной блок Дв-13, Дв-13.1 с фрамугой. Алюминиевый профиль Realit RW64, окрашенный порошковой краской, цвет RAL 7016. Заполнение - стеклопакет (6М1/зак-12-4МI-10-441И) (СМ4). Автоматичекий порог. Петли Фурнитура Fapim. Размеры: 900*2100 4 956,41 = [57 611 / 1,2 / 9,88] + 2% Заг.скл | D61: м2 | E61: 7.56 | F61: 57611 | G61: =F61*E61 -> 435539.16 | I61: =0.9*2.1*2+0.9*2.1*2 -> 7.56
A62: 210,4 | B62: КА 44 | C62: Ручка-поручень, на высоту створки.нержавеющая сталь комплект 2 354,16 = [27 363,7 / 1,2 / 9,88] + 2% Заг.скл | D62: компл. | E62: 4 | F62: 27363.7 | G62: =F62*E62 -> 109454.8 | I62: =E62 -> 4
A63: 210,6 | B63: КА 43 | C63: Бронированная пленка с двух сторон 335,53 = [3 900 / 1,2 / 9,88] + 2% Заг.скл | D63: м2 | E63: 15.12 | F63: 3900 | G63: =F63*E63 -> 58968 | I63: =I61*2 -> 15.12
A64: 216,4 | B64: КА 59 | C64: Дверной блок Дв-8, Дв-8.1 Комбинированная, влагостойкая, одностворчатая, распашная. Покрытие композитный ПВХ 1,5 мм. Обвязка полотна: лвл-брус. Торец: гладкий Коробка: телескопическая, наличники ПВХ с двух сторон. Цвет: белый стандартный RAL9010. Фурнитура. Замок: с язычком. Круглая накладка на цилиндр толщиной не менее 9–10 мм. Цвет: матовый никель. Ручка: нажимная раздельная на квадратной розетке, выдерживающая 100 000 циклов открываний. Цвет: матовый никель. Петли: накладные бабочки. Цвет – хром. Замок с цилиндром: ключ/вертушка либо ключ/ключ. Доводчик: накладной типа DL Smart, выдерживающий 100 000 циклов открываний. Ширина видимого профиля 75 мм. 900х2100 6 697,63 = [77 850 / 1,2 / 9,88] + 2% Заг.скл | D64: шт. | E64: 10 | F64: 77850 | G64: =F64*E64 -> 778500 | I64: =8+2 -> 10
A65: 216,5 | B65: КА 60 | C65: Дверной блок Дв-9, Дв-9.1 Комбинированная, влагостойкая, одностворчатая, распашная. Покрытие композитный ПВХ 1,5 мм. Обвязка полотна: лвл-брус. Торец: гладкий Коробка: телескопическая, наличники ПВХ с двух сторон. Цвет: белый стандартный RAL9010. Фурнитура. Замок: с язычком. Круглая накладка на цилиндр толщиной не менее 9–10 мм. Цвет: матовый никель. Ручка: нажимная раздельная на квадратной розетке, выдерживающая 100 000 циклов открываний. Цвет: матовый никель. Петли: накладные бабочки. Цвет – хром. Замок с цилиндром: ключ/вертушка либо ключ/ключ. Доводчик: накладной типа DL Smart, выдерживающий 100 000 циклов открываний. Ширина видимого профиля 75 мм. 800х2100 6 697,63 = [77 850 / 1,2 / 9,88] + 2% Заг.скл | D65: шт. | E65: 2 | F65: 77850 | G65: =F65*E65 -> 155700 | I65: =1+1 -> 2
A66: 216,6 | B66: КА 61 | C66: Дверной блок Дв-10, Дв-10.1 Комбинированная, влагостойкая, одностворчатая, распашная. Покрытие композитный ПВХ 1,5 мм. Обвязка полотна: лвл-брус. Торец: гладкий Коробка: телескопическая, наличники ПВХ с двух сторон. Цвет: белый стандартный RAL9010. Фурнитура. Замок: с язычком. Круглая накладка на цилиндр толщиной не менее 9–10 мм. Цвет: матовый никель. Ручка: нажимная раздельная на квадратной розетке, выдерживающая 100 000 циклов открываний. Цвет: матовый никель. Петли: накладные бабочки. Цвет – хром. Замок с цилиндром: ключ/вертушка либо ключ/ключ. Доводчик: накладной типа DL Smart, выдерживающий 100 000 циклов открываний. Ширина видимого профиля 75 мм. 900х2100 6 697,63 = [77 850 / 1,2 / 9,88] + 2% Заг.скл | D66: шт. | E66: 3 | F66: 77850 | G66: =F66*E66 -> 233550 | I66: =1+2 -> 3
A67: 216,7 | B67: КА 62 | C67: Дверной блок Дв-36, Дв-36.1 Комбинированная, влагостойкая, одностворчатая, распашная. Покрытие композитный ПВХ 1,5 мм. Обвязка полотна: лвл-брус. Торец: гладкий Коробка: телескопическая, наличники ПВХ с двух сторон. Цвет: белый стандартный RAL9010. Фурнитура. Замок: с язычком. Круглая накладка на цилиндр толщиной не менее 9–10 мм. Цвет: матовый никель. Ручка: нажимная раздельная на квадратной розетке, выдерживающая 100 000 циклов открываний. Цвет: матовый никель. Петли: накладные бабочки. Цвет – хром. Замок с цилиндром: ключ/вертушка либо ключ/ключ. Доводчик: накладной типа DL Smart, выдерживающий 100 000 циклов открываний. Ширина видимого профиля 75 мм. 900х2100 6 697,63 = [77 850 / 1,2 / 9,88] + 2% Заг.скл | D67: шт. | E67: 5 | F67: 77850 | G67: =F67*E67 -> 389250 | I67: =1+4 -> 5
A68: 227,3 | B68: КА 14 | C68: Роскошная мозаика стеклянная, 29,8х29,8 мм 860,32 = [10 000 / 1,2 / 9,88] + 2% Заг.скл | D68: м2 | E68: 90.2031 | F68: 10000 | G68: =F68*E68 -> 902031 | H68: Объемы МТР необходимо привести в соответствие с ВОР АР. | I68: 89.31
A69: 230,3 | B69: КА 15 | C69: Плитка керамическая Kerama Marazzi 285х85 мм белый глянцевый 152,10 = [1 768 / 1,2 / 9,88] + 2% Заг.скл | D69: м2 | E69: 36.624 | F69: 1768 | G69: =F69*E69 -> 64751.232 | H69: Объемы МТР необходимо привести в соответствие с ВОР АР. | I69: 33.6
A70: 231,3 | B70: КА 16 | C70: Плитка керамическая Kerama Marazzi 400 х 1200 мм белый матовый 269,03 = [3 127 / 1,2 / 9,88] + 2% Заг.скл | D70: м2 | E70: 84.0063 | F70: 3127 | G70: =F70*E70 -> 262687.7 | H70: Объемы МТР необходимо привести в соответствие с ВОР АР. | I70: 770.7
A71: 232,1 | B71: КА 12 | C71: Декоративные стеновые панели кубообразные 80х80 мм 258,10 = [3 000 / 1,2 / 9,88] + 2% Заг.скл | D71: м2 | E71: 17.04 | F71: 3000 | G71: =F71*E71 -> 51120 | I71: =E71 -> 17.04
A72: 236,3 | B72: КА 17 | C72: Плитка керамическая Kerama Marazzi 1195х600 серый светлый обрезной 230,91 = [2 684 / 1,2 / 9,88] + 2% Заг.скл | D72: м2 | E72: 95.4622 | F72: 2684 | G72: =F72*E72 -> 256220.54 | H72: Объемы МТР необходимо привести в соответствие с ВОР АР. | I72: =58.72+28.86 -> 87.58
A73: 242,2 | B73: КА 18 | C73: Акустические панели подвесные "Ecophon solo", 1100x953х40мм =542,2 м2/1,05 м2/шт. =570 шт. 774,29 = [9 000 / 1,2 / 9,88] + 2% Заг.скл | D73: шт. | E73: 570 | F73: 9000 | G73: =F73*E73 -> 5130000 | H73: Объемы МТР необходимо привести в соответствие с ВОР АР. | I73: 518
A74: 242,3 | B74: КА 19 | C74: Акустические панели подвесные "Ecophon solo", 1192х1192х40мм =754,1м2/1,42м2/шт. =1071 шт. 738,15 = [8 580 / 1,2 / 9,88] + 2% Заг.скл | D74: шт. | E74: 1071 | F74: 8580 | G74: =F74*E74 -> 9189180 | H74: Объемы МТР необходимо привести в соответствие с ВОР АР. | I74: 531
A75: 244,2 | B75: КА 20 | C75: Кассетный акустический потолок "Ecophon фокус А" по каркасу 1200х600 мм 216,80 = [2 520 / 1,2 / 9,88] + 2% Заг.скл | D75: м2 | E75: 2889.495 | F75: 2520 | G75: =F75*E75 -> 7281527.4 | H75: Объемы МТР необходимо привести в соответствие с ВОР АР. | I75: 2751.9
A76: 252,1 | B76: КА 21 | C76: Грильято 50х50 мм (подвесной) "Грильято Албес GL 50-75 Sh" 206,21 = [2 396,95 / 1,2 / 9,88] + 2% Заг.скл | D76: м2 | E76: 202.807 | F76: 2396.95 | G76: =F76*E76 -> 486118.24 | H76: Объемы МТР необходимо привести в соответствие с ВОР АР. | I76: 196.9
A77: 290,2 | B77: КА 22 | C77: Дизайн-плитка ПВХ "Forbo Effecta professional", цвет серый, 500х500 мм 172,92 = [2 010 / 1,2 / 9,88] + 2% Заг.скл | D77: м2 | E77: 3471.936 | F77: 2010 | G77: =F77*E77 -> 6978591.4 | H77: Объемы МТР необходимо привести в соответствие с ВОР АР. | I77: 3244.8
A78: 298,2 | B78: КА 22 | C78: Дизайн-плитка ПВХ "Forbo Effecta professional", цвет серый, 500х500 мм 172,92 = [2 010 / 1,2 / 9,88] + 2% Заг.скл | D78: м2 | E78: 18.725 | F78: 2010 | G78: =F78*E78 -> 37637.25 | H78: Объемы МТР необходимо привести в соответствие с ВОР АР. | I78: 17.5
A79: 312,2 | B79: КА 64 | C79: Каучуковые профессиональные амортизаторы 19 мм (17 шт/м2 в один слой) 3,01 = [35 / 1,2 / 9,88] + 2% Заг.скл | D79: шт. | E79: 6566 | F79: 35 | G79: =F79*E79 -> 229810 | I79: =E79 -> 6566
A80: 340,5 | B80: КА 65 | C80: Ступень Kerama Marazzi Про Лаймстоун DD205320R\GR Светло Серый Натуральный 30x60 (Кол-во ((98,99/0,3/0,6)=549,94 шт*1,08=594 шт) 70,72 = [822 / 1,2 / 9,88] + 2% Заг.скл | D80: шт. | E80: 594 | F80: 822 | G80: =F80*E80 -> 488268 | H80: Объемы МТР необходимо привести в соответствие с ВОР АР. | I80: 550
A81: 340,6 | B81: КА 66 | C81: Подступенок Kerama Marazzi Про Лаймстоун DD205320R\2 Светло Серый Натуральный 14,5x60 (Кол-во (51,7/0,145/0,6)=594,25шт*1,08=642 шт) 36,65 = [426 / 1,2 / 9,88] + 2% Заг.скл | D81: шт. | E81: 642 | F81: 426 | G81: =F81*E81 -> 273492 | H81: Объемы МТР необходимо привести в соответствие с ВОР АР. | I81: 595
A82: 350,2 | B82: КА 23 | C82: Дизайн-плитка "ПВХ Forbo Effecta professional", светлая серо-бежевая, 1000х200 мм 171,21 = [1 990 / 1,2 / 9,88] + 2% Заг.скл | D82: м2 | E82: 54.677 | F82: 1990 | G82: =F82*E82 -> 108807.23 | H82: Объемы МТР необходимо привести в соответствие с ВОР АР. | I82: 51.1
A83: 369,2 | B83: КА 22 | C83: Дизайн-плитка ПВХ "Forbo Effecta professional", цвет серый, 500х500 мм 172,92 = [2 010 / 1,2 / 9,88] + 2% Заг.скл | D83: м2 | E83: 1155.493 | F83: 2010 | G83: =F83*E83 -> 2322540.9 | H83: Объемы МТР необходимо привести в соответствие с ВОР АР. | I83: 1079.9
A84: 379,2 | B84: КА 24 | C84: Линолеум гетерогенный коммерческий "Forbo Smaragd lux" (класс износостойкости 34/43) арт. 6361 144,11 = [1 675 / 1,2 / 9,88] + 2% Заг.скл | D84: м2 | E84: 54.784 | F84: 1675 | G84: =F84*E84 -> 91763.2 | H84: Объемы МТР необходимо привести в соответствие с ВОР АР. | I84: 130.87
A85: 383,2 | B85: КА 24.1 | C85: Линолеум гетерогенный коммерческий "Forbo Smaragd lux" (класс износостойкости 34/43) арт. 6376HL 144,11 = [1 675 / 1,2 / 9,88] + 2% Заг.скл | D85: м2 | E85: 85.2469 | F85: 1675 | G85: =F85*E85 -> 142788.56 | H85: Необходимо подтвердить наличие МТР данными ПД.
A86: 384,2 | B86: КА 67 | C86: Текстильное напольное флокированное покрытие Forbo Flotex в планказ арт. 151001 706,93 = [8 217 / 1,2 / 9,88] + 2% Заг.скл | D86: м2 | E86: 87.74 | F86: 8217 | G86: =F86*E86 -> 720959.58 | H86: Объемы МТР необходимо привести в соответствие с ВОР АР. | I86: 82
A87: 385,5 | B87: КА 25 | C87: Плинтус керамогранит "Kerama Marazzi", пепельный светлый обрезной 119,5х10,7х11 мм 58,59 = [681 / 1,2 / 9,88] + 2% Заг.скл | D87: шт. | E87: 1417 | F87: 681 | G87: =F87*E87 -> 964977 | I87: 1417
A88: 386,5 | B88: КА 26 | C88: Плинтус керамогранит "Kerama Marazzi", серый светлый натуральный, 60х9,5х9 мм/ 1 шт.=0,6*0,095= 0,057 м2 27,01 = [314 / 1,2 / 9,88] + 2% Заг.скл | D88: шт. | E88: 71 | F88: 314 | G88: =F88*E88 -> 22294 | I88: 71
A89: 387,1 | B89: КА 27 | C89: Профиль для завода покрытия на стену "ТК 25 ППЗ" на 100 мм -двухсоставной коннелюрный профиль 21,51 = [250 / 1,2 / 9,88] + 2% Заг.скл | D89: м | E89: 59.9637 | F89: 250 | G89: =F89*E89 -> 14990.925 | H89: Объемы МТР необходимо привести в соответствие с ВОР АР. | I89: 59.37
A90: 388,1 | B90: КА 28 | C90: Плинтус полимерный гибкий ПВХ "Первый профильный завод" 20,47 = [238 / 1,2 / 9,88] + 2% Заг.скл | D90: м | E90: 2614.284 | F90: 238 | G90: =F90*E90 -> 622199.59 | H90: Объемы МТР необходимо привести в соответствие с ВОР АР. | I90: 2588.4
A91: 389,1 | B91: КА 29 | C91: Плинтус Плинтус вентилируемый "Krast School" из массива дуба под спортивный паркет. (2000х80х22) 129,05 = [1 500 / 1,2 / 9,88] + 2% Заг.скл | D91: м | E91: 117.867 | F91: 1500 | G91: =F91*E91 -> 176800.5 | H91: Объемы МТР необходимо привести в соответствие с ВОР АР. | I91: 116.7
