Workbook
Name пищеблок: 'П1 Воздух Школа ст.П'!$B$54:$Q$71

Sheet П1 Воздух Школа ст.П
C1: Приложение 1. Расчет воздухообменов | U1: Псистемы
C2: № | D2: Наименование | E2: Катег. Пом. | F2: Класс чистоты | G2: S, м2 | H2: V, м3 | I2: Кол. чел. | J2: Кратность | L2: Воздухообмен, м3/ч | N2: Система | P2: Примечание | Q2: Расположение на плане | U2: —
J3: Приток | K3: Вытяжка | L3: Приток | M3: Выт | N3: Приток | O3: Выт | U3: П1 | V3: Спортивный зал | W3: =L8 -> 2190
B4: Подвал | U4: П2 | V4: Актовый зал, Технический центр, Артистическая | W4: =SUM(M155:M157) -> 3320
C5: 0.01 | D5: Технологическая лестница | G5: 10.1 | H5: =G5*2.65 -> 26.765 | J5: - | K5: - | L5: - | M5: - | Q5: Левое крыло | U5: П3 | V5: Обеденный зал | W5: =L55 -> 3190
C6: 0.01а | D6: Тамбур-шлюз 1-ого типа | G6: 4.6 | H6: =G6*2.65 -> 12.19 | J6: - | K6: - | L6: - | M6: - | N6: - | Q6: Центр | U6: П4 | V6: Пищеблок. Производственные помещения | W6: =SUM(L56,L60,L61,L63,L65,L68) -> 8685
C7: 0.02 | D7: Технологическая лестница | G7: 7.3 | H7: =G7*2.65 -> 19.345 | J7: - | K7: - | L7: - | M7: - | Q7: Правое крыло | U7: П5 | V7: Учебные кабинеты. Левое крыло | W7: =SUM(L27,L29,L33,L36,L44,L81,L97,L98,L99,L100,L101,L102,L112,L127,L128,L129,L130,L131,L132,L139,L159,L160,L161,L162,L166) -> 9055
C8: 0.03 | D8: Спортивный зал | G8: 262.7 | H8: =G8*2.65 -> 696.155 | I8: 26 | J8: 80 м3/час на 1 ч. + компенс. | K8: 80 м3/час на 1 ч. | L8: =SUM(M8:M10) -> 2190 | M8: =80*I8 -> 2080 | N8: П1 | O8: В1 | Q8: Центр | U8: П6 | V8: Учебные кабинеты. Правое крыло | W8: =SUM(L49,L53,L83,L103,L104,L105,L109,L133,L134,L141,L163,L164,L165,L135) -> 5755
C9: 0.04 | D9: Снарядная | E9: В3 | G9: 9.8 | H9: =G9*2.65 -> 25.97 | J9: - | K9: 1 | L9: - | M9: =ROUND(H9*K9,-1) -> 30 | N9: — | O9: В1 | P9: Через ОЗК | Q9: Центр | U9: П7 | V9: Медблок | W9: =SUM(L72,L73,L75) -> 520
C10: 0.05 | D10: Снарядная | E10: В3 | G10: 28.6 | H10: =G10*2.65 -> 75.79 | J10: - | K10: 1 | L10: - | M10: =ROUND(H10*K10,-1) -> 80 | N10: — | O10: В1 | P10: Через ОЗК | Q10: Центр | U10: П8 | V10: Админ. кабинеты Коридоры с реакреациями, Помещения СС, Комната охраны, Коридор 1-этажа. | W10: =SUM(L25,L76,L77,L82,L84,L85,L88,L95,L96,L113,L117,L118,L119,L126,L140,L142,L146,L147,L154,L24) -> 5790
C11: 0.06 | D11: Тамбур-шлюз 1-ого типа | G11: 8.7 | H11: =G11*2.65 -> 23.055 | J11: - | K11: - | L11: - | M11: - | N11: — | P11: Через ОЗК | Q11: Центр | U11: П9 | V11: Гимнастический зал (хореография) | W11: =SUM(L106) -> 1320
C12: 0.07 | D12: Коридор | G12: 40.4 | H12: =G12*2.65 -> 107.06 | J12: - | K12: По балансу | L12: - | M12: =SUM(L12:L14)-SUM(M13:M14) -> 180 | N12: — | O12: ВЕ | Q12: Левое крыло | U12: П10 | V12: Венткамеры. Правое крыло | W12: =SUM(L15,L18,L20) -> 550
C13: 0.08 | D13: Кладовая | E13: В3 | G13: 18 | H13: =G13*2.65 -> 47.7 | J13: - | K13: 1 | L13: - | M13: =ROUND(H13*K13,-1) -> 50 | N13: — | O13: ВЕ | P13: Через ОЗК | Q13: Левое крыло | U13: П11 | V13: ИТП | W13: =L19 -> 1070
C14: 0.09 | D14: Венткамера | E14: В4 | G14: 44.2 | H14: =G14*2.65 -> 117.13 | J14: 2 | K14: - | L14: =ROUND(H14*J14,-1) -> 230 | M14: - | N14: П12 | O14: — | P14: Через ОЗК | Q14: Левое крыло | U14: П12 | V14: Венткамера. Левое крыло | W14: =L14 -> 230 | X14: =SUM(W3:W14) -> 41675
C15: 0.10 | D15: Венткамера | E15: В4 | G15: 36.2 | H15: =G15*2.65 -> 95.93 | J15: 2 | K15: - | L15: =ROUND(H15*J15,-1) -> 190 | M15: - | N15: П10 | O15: — | P15: Через ОЗК | Q15: Правое крыло | U15: Всистемы
C16: 0.11 | D16: Коридор | G16: 102.8 | H16: =G16*2.65 -> 272.42 | J16: - | K16: По балансу | L16: - | M16: =SUM(L15:L20)-SUM(M15,M17:M20) -> 460 | N16: - | O16: ВЕ | Q16: Правое крыло | U16: В1 | V16: Спортивный зал | W16: =SUM(M8:M10) -> 2190
C17: 0.12 | D17: Насосная | E17: В4 | G17: 16.4 | H17: =G17*2.65 -> 43.46 | J17: - | K17: 2 | L17: - | M17: =ROUND(H17*K17,-1) -> 90 | N17: - | O17: В18 | P17: Через ОЗК | Q17: Правое крыло | U17: В2 | V17: Актовый зал, Технический центр, Артистическая | W17: =SUM(M155:M157) -> 3320
C18: 0.13 | D18: Венткамера | E18: В4 | G18: 24.1 | H18: =G18*2.65 -> 63.865 | J18: 2 | K18: - | L18: =ROUND(H18*J18,-1) -> 130 | M18: - | N18: П10 | O18: — | P18: Через ОЗК | Q18: Правое крыло | U18: В3 | V18: Обеденный зал | W18: =M55 -> 2200
C19: 0.14 | D19: ИТП | E19: Д | G19: 80.8 | H19: =G19*2.65 -> 214.12 | J19: 5 | K19: 5 | L19: =ROUND(H19*J19,-1) -> 1070 | M19: =ROUND(H19*K19,-1) -> 1070 | N19: П11 | O19: В23 | P19: Через ОЗК | Q19: Правое крыло | U19: В4 | V19: Пищеблок. Производственные помещения | W19: =SUM(M56,M61,M68) -> 1070
C20: 0.15 | D20: Венткамера | E20: В4 | G20: 43.1 | H20: =G20*2.65 -> 114.215 | J20: 2 | K20: - | L20: =ROUND(H20*J20,-1) -> 230 | M20: - | N20: П10 | O20: — | P20: Через ОЗК | Q20: Правое крыло | U20: В5 | V20: Санузлы и душевые женские, санузел МГН, санузел персонала 1-й этаж | W20: =SUM(M38,M39,M41,M42,M45,M46,M93,M124,M152) -> 1355
D21: ИТОГО по подвалу | L21: =SUM(L5:L20) -> 4040 | M21: =SUM(M8:M20) -> 4040 | U21: В6 | V21: Санузлы и душевые мужские | W21: =SUM(M47,M48,M51,M53,M94,M125,M153) -> 1055
B22: 1 этаж | U22: В7 | V22: Санузлы персонала 2-4 этажи, Подсобные помещения. Левое крыло | W22: =SUM(M89,M120,M148,M91,M122,M150) -> 210
C23: 101 | D23: Тамбур | G23: 12.5 | H23: =G23*3.46 -> 43.25 | J23: - | K23: - | L23: - | M23: - | N23: - | O23: - | Q23: Общий | U23: В8 | V23: Помещение для хранения уборочного инвентаря, приготовления дезинфицирующих растворов | W23: =SUM(M74) -> 100
C24: 102 | D24: Коридор | G24: 268.8 | H24: =G24*3.46 -> 930.048 | J24: По балансу | K24: - | L24: =SUM(M23:M78)-SUM(L25:L78) -> 3010 | M24: - | N24: П8 | O24: - | Q24: Общий | U24: В9 | V24: Гимнастический зал и раздевальные к нему | W24: =SUM(M106:M108) -> 1320
C25: 103 | D25: Комната охраны (с диспетчерским пунктом) | G25: 16.2 | H25: =G25*3.46 -> 56.052 | I25: 2 | J25: 60 м3/час на 1 ч. | K25: 60 м3/час на 1 ч. | L25: =60*I25 -> 120 | M25: =60*I25 -> 120 | N25: П8 | O25: В13 | Q25: Левое крыло | U25: В10 | V25: Кабинет учителей 1-й этаж, Административный кабинет 2-й этаж. Правое крыло | W25: =SUM(M96,M77) -> 480
C26: 104 | D26: Гардероб для обучающихся | G26: 46.2 | H26: =G26*3.46 -> 159.852 | J26: - | K26: 1 | L26: - | M26: =ROUND(H26*K26,-1) -> 160 | N26: - | O26: В11 | Q26: Левое крыло | U26: В11 | V26: Гардеробы, кладовая | W26: =SUM(M26,M28,M35,M43,M78,M158) -> 660
C27: 105 | D27: Коридор | G27: 59.9 | H27: =G27*3.46 -> 207.254 | J27: По балансу с пом. 110 | K27: - | L27: =M35 -> 60 | M27: - | N27: П5 | O27: - | Q27: Левое крыло | U27: В12 | V27: Электрощитовая | W27: =M32 -> 50
C28: 106 | D28: Гардероб для обучающихся | G28: 53.7 | H28: =G28*3.46 -> 185.802 | J28: - | K28: 1 | L28: - | M28: =ROUND(H28*K28,-1) -> 190 | N28: - | O28: В11 | Q28: Левое крыло | U28: В13 | V28: Комната охраны | W28: =M25 -> 120
C29: 107 | D29: Кабинет материальной технологии Тип 1 | G29: 66.1 | H29: =G29*3.46 -> 228.706 | I29: 21 | J29: 20 м3/ч на 1 ч., но не менее 2 | K29: 20 м3/ч на 1 ч., но не менее 2 | L29: =MAX(20*I29,ROUND(H29*2,-1)) -> 460 | M29: =MAX(20*I29,ROUND(H29*2,-1)) -> 460 | N29: П5 | O29: ВЕ | Q29: Левое крыло | U29: В14 | V29: Подсобные помещения. Правое крыло | W29: =SUM(M90,M121,M149) -> 30
D30: ТХ п.52 Зонт вытяжной 900х600 | J30: - | K30: По расчету (0,3) | L30: - | M30: 600 | N30: - | O30: МО1 | P30: Через ОЗК | U30: В15 | V30: Библиотечный центр | W30: =SUM(M135:M136) -> 1270
D31: ТХ п.52 Зонт вытяжной 900х600 | J31: - | K31: По расчету (0,3) | L31: - | M31: 600 | N31: - | O31: МО1 | P31: Через ОЗК | U31: В16 | V31: Лаборантская биологии | W31: =SUM(M161) -> 120
C32: 108 | D32: Электрощитовая | E32: В3 | G32: 15.5 | H32: =G32*3.46 -> 53.63 | J32: - | K32: 1 | L32: - | M32: =ROUND(H32*K32,-1) -> 50 | N32: - | O32: В12 | P32: Через ОЗК | Q32: Левое крыло | U32: В17 | V32: Медблок | W32: =SUM(M72:M73) -> 420
C33: 109 | D33: Кабинет материальной технологии Тип 2 | G33: 58.5 | H33: =G33*3.46 -> 202.41 | I33: 21 | J33: 20 м3/ч на 1 ч., но не менее 2 | K33: 20 м3/ч на 1 ч., но не менее 2 | L33: =MAX(20*I33,ROUND(H33*2,-1)) -> 420 | M33: =MAX(20*I33,ROUND(H33*2,-1)) -> 420 | N33: П5 | O33: ВЕ | Q33: Левое крыло | U33: В18 | V33: Насосная | W33: =M17 -> 90
D34: ТХ п.69 Вытяжная система для лазерного станка, фильтрующая | J34: - | K34: По расчету | L34: - | M34: 700 | N34: - | O34: МО2 | P34: Через ОЗК | U34: В19 | V34: Помещение временного хранения пищевых отходов | W34: =M66 -> 170
C35: 110 | D35: Кладовая кабинета материальной технологии | E35: В3 | G35: 18 | H35: =G35*3.46 -> 62.28 | J35: - | K35: 1 | L35: - | M35: =ROUND(H35*K35,-1) -> 60 | N35: - | O35: В11 | P35: Через ОЗК | Q35: Левое крыло | U35: В20 | V35: Помещения СС. Левое крыло | W35: =SUM(M85,M118,M146) -> 90
C36: 111 | D36: Учебный кабинет (математика) | G36: 53.3 | H36: =G36*3.46 -> 184.418 | I36: 21 | J36: 20 м3/ч на 1 ч., но не менее 2 | K36: 20 м3/ч на 1 ч., но не менее 2 | L36: =MAX(20*I36,ROUND(H36*2,-1)) -> 420 | M36: =MAX(20*I36,ROUND(H36*2,-1)) -> 420 | N36: П5 | O36: ВЕ | Q36: Левое крыло | U36: В21 | V36: Помещения СС. Правое крыло | W36: =SUM(M76,M88,M119,M147) -> 220
C37: 112 | D37: Лестничная клетка (Тип Л1) | G37: 27.8 | H37: =G37*3.46 -> 96.188 | J37: - | K37: - | L37: - | M37: - | N37: - | O37: - | Q37: Левое крыло | U37: В22 | V37: ПУИ. Правое крыло | W37: =SUM(M92,M123,M151) -> 120
C38: 113 | D38: Туалет для персонала | G38: 3.3 | H38: =G38*3.46 -> 11.418 | I38: 1ун. | J38: - | K38: 50 м3/час на 1 ун. | L38: - | M38: 50 | N38: - | O38: В5 | Q38: Левое крыло | U38: В23 | V38: ИТП | W38: =M19 -> 1070
C39: 114 | D39: Уборная для девочек | G39: 17 | H39: =G39*3.46 -> 58.82 | I39: 3ун. | J39: - | K39: 50 м3/час на 1 ун. | L39: - | M39: =50*3 -> 150 | N39: - | O39: В5 | Q39: Левое крыло | U39: В24 | V39: Пищеблок. Помещение персонала санузлом, ПУИ | W39: =SUM(M65,M67) -> 185 | X39: =SUM(W16:W39) -> 17915
C40: 115 | D40: Технологическая лестница | G40: 17.8 | H40: =G40*3.46 -> 61.588 | J40: - | K40: - | L40: - | M40: - | N40: - | O40: - | Q40: Левое крыло | U40: В25 | V40: Кладовая сухих продуктов | W40: =M64 -> 50
C41: 116 | D41: ПУИ | E41: В4 | G41: 4.6 | H41: =G41*3.46 -> 15.916 | J41: - | K41: 5 | L41: - | M41: =ROUND(H41*K41,-1) -> 80 | N41: - | O41: В5 | P41: Через ОЗК | Q41: Левое крыло | U41: —
C42: 117 | D42: Универсальная уборная для МГН | G42: 6.6 | H42: =G42*3.46 -> 22.836 | I42: 1ун. | J42: - | K42: 50 м3/час на 1 ун. | L42: - | M42: 50 | N42: - | O42: В5 | Q42: Левое крыло | U42: ВЕ | W42: =SUM(M12,M13,M16,M29,M33,M36,,M95,M97,M99,M98,M100,M101,M102,M103,M104,M105,M109,M126,M127,M128,M129,M130,M131,M132,M134,M133,M154,M159,M160,M162,M163,M164,M165,M166) -> 13610
C43: 118 | D43: Гардероб для обучающихся | G43: 46.4 | H43: =G43*3.46 -> 160.544 | J43: - | K43: 1 | L43: - | M43: =ROUND(H43*K43,-1) -> 160 | N43: - | O43: В11 | Q43: Правое крыло
C44: 119 | D44: Раздевальная Тип 1 | G44: 18.7 | H44: =G44*3.46 -> 64.702 | J44: По балансу | L44: =SUM(M45:M46) -> 325 | M44: - | N44: П5 | O44: - | Q44: Левое крыло | U44: МО1 | V44: Зонт вытяжной над оборудованием №52 по ТХ
C45: 120 | D45: Душевая девочек | G45: 6.3 | H45: =G45*3.46 -> 21.798 | I45: 3д. | J45: - | K45: 75 м3/час на 1 д. | L45: - | M45: =75*3 -> 225 | N45: - | O45: В5 | Q45: Левое крыло | U45: МО2 | V45: Зонт вытяжной над лазерным станком №69 по ТХ
C46: 121 | D46: Уборная девочек | G46: 5.7 | H46: =G46*3.46 -> 19.722 | I46: 2ун. | J46: - | K46: 50 м3/час на 1 ун. | L46: - | M46: =50*2 -> 100 | N46: - | O46: В5 | Q46: Левое крыло | U46: МО3 | V46: Зонт вытяжной над оборудованием №124 по ТХ
C47: 122 | D47: Уборная мальчиков | G47: 6.1 | H47: =G47*3.46 -> 21.106 | I47: 2ун. | J47: - | K47: 50 м3/час на 1 ун. | L47: - | M47: =50*2 -> 100 | N47: - | O47: В6 | Q47: Правое крыло | U47: МО4 | V47: Зонт вытяжной над оборудованием №126,218 по ТХ
C48: 123 | D48: Душевая мальчиков | G48: 6.2 | H48: =G48*3.46 -> 21.452 | I48: 3д. | J48: - | K48: 75 м3/час на 1 д. | L48: - | M48: =75*3 -> 225 | N48: - | O48: В6 | Q48: Правое крыло | U48: МО5 | V48: Зонт вытяжной над оборудованием №132 по ТХ
C49: 124 | D49: Раздевальная Тип 1 | G49: 18.8 | H49: =G49*3.46 -> 65.048 | J49: По балансу | K49: - | L49: =SUM(M47:M48) -> 325 | M49: - | N49: П6 | O49: - | Q49: Правое крыло | U49: МО6 | V49: Зонт вытяжной над оборудованием №136 по ТХ
C50: 125 | D50: Технологическая лестница | G50: 18.9 | H50: =G50*3.46 -> 65.394 | J50: - | K50: - | L50: - | M50: - | N50: - | O50: - | Q50: Правое крыло | U50: МО7 | V50: Зонт вытяжной над оборудованием №164 по ТХ
C51: 126 | D51: Уборная для мальчиков | G51: 18.4 | H51: =G51*3.46 -> 63.664 | I51: 2ун., 2 пис. | J51: - | K51: 50 м3/час на 1 ун., 25 м3/час на 1 пис. | L51: - | M51: =50*2+2*25 -> 150 | N51: - | O51: В6 | Q51: Правое крыло | U51: МО8 | V51: Зонт вытяжной над оборудованием №122 по ТХ
C52: 127 | D52: Лестничная клетка (Тип Л1) | G52: 27.8 | H52: =G52*3.46 -> 96.188 | J52: - | K52: - | L52: - | M52: - | N52: - | O52: - | Q52: Правое крыло
C53: 128 | D53: Тренерская санузлом | G53: 12.1 | H53: =G53*3.46 -> 41.866 | I53: 1ун., 1д. | J53: По балансу | K53: 50 м3/час на 1 ун. 75 м3/час на 1 д. | L53: =M53 -> 130 | M53: =50+80 -> 130 | N53: П6 | O53: В6 | Q53: Правое крыло
C54: 129 | D54: Тамбур | G54: 2.2 | H54: =G54*3.46 -> 7.612 | J54: - | K54: - | L54: - | M54: - | N54: - | O54: - | Q54: Пищеблок
C55: 130 | D55: Обеденный зал | G55: 114.5 | H55: =G55*3.46 -> 396.17 | I55: 110 | J55: По балансу п.131, п.139 | K55: 20 м3/час на 1 ч. | L55: =SUM(M55:M59,M68:M71)-SUM(L56:L59,L68:L71) -> 3190 | M55: =20*I55 -> 2200 | N55: П3 | O55: В3 | Q55: Пищеблок
C56: 131 | D56: Моечная для столовой посуды | E56: В4 | G56: 18.4 | H56: =G56*3.46 -> 63.664 | J56: Комп. МО | K56: 6 | L56: =SUM(M57:M59) -> 3500 | M56: =ROUND(H56*K56,-1) -> 380 | N56: П4 | O56: В4 | Q56: Пищеблок
D57: ТХ2 п. 124 Зонт 1000х1100 над посуд.машиной | J57: - | K57: По расчету (0,5) | L57: - | M57: 2000 | N57: - | O57: МО3
D58: ТХ2 п. 126 Зонт вытяжной 1500х700 | J58: - | K58: По расчету (0,23) | L58: - | M58: 900 | N58: - | O58: МО4
D59: ТХ2 п. 218 Зонт вытяжной 1200х600 | J59: - | K59: По расчету (0,23) | L59: - | M59: 600 | N59: - | O59: МО4
C60: 132 | D60: Коридор | G60: 21.2 | H60: =G60*3.46 -> 73.352 | J60: По балансу п. 132 - п.138 | K60: - | L60: =SUM(M60:M67)-SUM(L61:L67) -> 290 | M60: - | N60: П4 | O60: - | Q60: Пищеблок
C61: 133 | D61: Кладовая и моечная оборотной тары | E61: В4 | G61: 4 | H61: =G61*3.46 -> 13.84 | J61: Комп. МО | K61: 6 | L61: =SUM(M62) -> 800 | M61: =ROUND(H61*K61,-1) -> 80 | N61: П4 | O61: В4 | P61: Через ОЗК | Q61: Пищеблок
D62: ТХ2 п. 132 Зонт вытяжной 1400х700 | J62: - | K62: По расчету (0,23) | L62: - | M62: 800 | N62: - | O62: МО5 | P62: Через ОЗК
C63: 134 | D63: Загрузочный цех | E63: В4 | G63: 6.6 | H63: =G63*3.46 -> 22.836 | J63: 3 | K63: - | L63: =ROUND(H63*J63,-1) -> 70 | M63: - | N63: П4 | P63: Через ОЗК | Q63: Пищеблок
C64: 135 | D64: Кладовая сухих продуктов | E64: В4 | G64: 3.7 | H64: =G64*3.46 -> 12.802 | J64: - | K64: 1 | L64: - | M64: 50 | N64: - | O64: В25 | P64: Через ОЗК | Q64: Пищеблок
C65: 136 | D65: Помещение персонала санузлом | G65: 6 | H65: =G65*3.46 -> 20.76 | I65: 1ун., 1д. | J65: По балансу | K65: 50 м3/час на 1 ун. 75 м3/час на 1 д. | L65: =M65 -> 125 | M65: =50+75 -> 125 | N65: П4 | O65: В24 | Q65: Пищеблок
C66: 137 | D66: Помещение временного хранения пищевых отходов | E66: В4 | G66: 4.8 | H66: =G66*3.46 -> 16.608 | J66: - | K66: 10 | L66: - | M66: =ROUND(H66*K66,-1) -> 170 | N66: - | O66: В19 | P66: Через ОЗК | Q66: Пищеблок
C67: 138 | D67: ПУИ | E67: В4 | G67: 3.5 | H67: =G67*3.46 -> 12.11 | J67: - | K67: 5 | L67: - | M67: =ROUND(H67*K67,-1) -> 60 | N67: - | O67: В24 | P67: Через ОЗК | Q67: Пищеблок
C68: 139 | D68: Помещение подготовки блюд к реализации с участком мойки кухонной посуды | E68: В4 | G68: 29.2 | H68: =G68*3.46 -> 101.032 | J68: Комп. МО | K68: 6 | L68: =SUM(M69:M71) -> 3900 | M68: =ROUND(H68*K68,-1) -> 610 | N68: П4 | O68: В4 | Q68: Пищеблок горячий цех
D69: ТХ2 п. 136 Зонт приточно-вытяжной 1400х1100 | J69: - | K69: По расчету (0,23) | L69: - | M69: 1300 | N69: - | O69: МО6
D70: ТХ2 п. 164 Зонт вытяжной 900х1200 для пароконвектомата | J70: - | K70: По расчету (0,36) | L70: - | M70: 1400 | N70: - | O70: МО7
D71: ТХ2 п. 122 Зонт вытяжной 1200х700 | J71: - | K71: По расчету (0,39) | L71: - | M71: 1200 | N71: - | O71: МО8
C72: 140 | D72: Кабинет врача | F72: В | G72: 18.7 | H72: =G72*3.46 -> 64.702 | I72: 1 | J72: 60 м3/час на 1 ч. | K72: 60 м3/час на 1 ч. | L72: =60*I72 -> 60 | M72: =60*I72 -> 60 | N72: П7 | O72: В17 | Q72: Медблок
C73: 141 | D73: Процедурный (прививочный) кабинет | F73: В | G73: 12.9 | H73: =G73*3.46 -> 44.634 | J73: 8 | K73: 8 | L73: =ROUND(H73*J73,-1) -> 360 | M73: =ROUND(H73*K73,-1) -> 360 | N73: П7 | O73: В17 | Q73: Медблок
C74: 142 | D74: Помещение для хранения уборочного инвентаря, приготовления дезинфицирующих растворов | E74: В4 | G74: 5.5 | H74: =G74*3.46 -> 19.03 | J74: - | K74: 5 | L74: - | M74: =ROUND(H74*K74,-1) -> 100 | N74: - | O74: В8 | P74: Через ОЗК | Q74: Медблок
C75: 143 | D75: Ожидальная медблока | G75: 3.4 | H75: =G75*3.46 -> 11.764 | J75: По балансу | K75: - | L75: =SUM(M72:M75)-SUM(L72:L74) -> 100 | M75: - | N75: П7 | Q75: Медблок
C76: 144 | D76: Помещение СС | E76: В4 | G76: 9.5 | H76: =G76*3.46 -> 32.87 | J76: 2 | K76: 2 | L76: =ROUND(H76*J76,-1) -> 70 | M76: =ROUND(H76*K76,-1) -> 70 | N76: П8 | O76: В21 | P76: Через ОЗК | Q76: Правое крыло
C77: 145 | D77: Кабинет с рабочим пространством для учителей. Тип 1 | G77: 41.5 | H77: =G77*3.46 -> 143.59 | I77: 6 | J77: 60 м3/час на 1 ч. | K77: 60 м3/час на 1 ч. | L77: =60*I77 -> 360 | M77: =60*I77 -> 360 | N77: П8 | O77: В10 | Q77: Правое крыло
C78: 146 | D78: Гардероб для учителей | G78: 19.1 | H78: =G78*3.46 -> 66.086 | J78: - | K78: 1 | L78: - | M78: =ROUND(H78*K78,-1) -> 70 | N78: - | O78: В11 | Q78: Правое крыло
D79: ИТОГО по 1 этажу | L79: =SUM(L23:L78) -> 18095 | M79: =SUM(M23:M78) -> 18095 | N79: =L79-M79 -> 0
B80: 2 этаж
C81: 201 | D81: Коридор с рекреацией | G81: =191.5-G82 -> 154.23 | H81: =G81*3.42 -> 527.4666 | J81: - | K81: - | L81: - | M81: - | N81: - | O81: - | Q81: Левое крыло
D82: Рекрекация | G82: 37.27 | H82: =G82*3.42 -> 127.4634 | J82: 2 | K82: - | L82: =ROUND(H82*J82+10,-1) -> 260 | M82: - | N82: П8 | O82: - | Q82: Левое крыло
C83: 202 | D83: Коридор с рекреацией | G83: =187.2-G84 -> 151.38 | H83: =G83*3.42 -> 517.7196 | J83: - | K83: - | L83: - | M83: - | O83: - | Q83: Правое крыло
D84: Рекрекация | G84: 35.82 | H84: =G84*3.42 -> 122.5044 | J84: 2 | K84: - | L84: =ROUND(H84*J84+10,-1) -> 260 | M84: - | N84: П8 | O84: - | Q84: Правое крыло
C85: 203 | D85: Помещение СС | E85: В4 | G85: 5.1 | H85: =G85*3.42 -> 17.442 | J85: 2 | K85: 2 | L85: =ROUND(H85*J85,-1) -> 30 | M85: =ROUND(H85*K85,-1) -> 30 | N85: П8 | O85: В20 | P85: Через ОЗК | Q85: Левое крыло
C86: 204 | D86: Лестничная клетка (Тип Л1) | G86: 27.4 | H86: =G86*3.42 -> 93.708 | J86: - | K86: - | L86: - | M86: - | N86: - | O86: - | Q86: Левое крыло
C87: 205 | D87: Лестничная клетка (Тип Л1) | G87: 27.6 | H87: =G87*3.42 -> 94.392 | J87: - | K87: - | L87: - | M87: - | N87: - | O87: - | Q87: Правое крыло
C88: 206 | D88: Помещение СС | E88: В4 | G88: 6.7 | H88: =G88*3.42 -> 22.914 | J88: 2 | K88: 2 | L88: =ROUND(H88*J88,-1) -> 50 | M88: =ROUND(H88*K88,-1) -> 50 | N88: П8 | O88: В21 | P88: Через ОЗК | Q88: Правое крыло
C89: 207 | D89: Подсобное помещение | E89: В4 | G89: 6 | H89: =G89*3.42 -> 20.52 | J89: - | K89: 1 | L89: - | M89: =ROUND(H89*K89,-1) -> 20 | N89: - | O89: В7 | Q89: Левое крыло
C90: 208 | D90: Подсобное помещение | E90: В4 | G90: 2.8 | H90: =G90*3.42 -> 9.576 | J90: - | K90: 1 | L90: - | M90: =ROUND(H90*K90,-1) -> 10 | N90: - | O90: В14 | Q90: Правое крыло
C91: 209 | D91: Туалет для персонала | G91: 3.1 | H91: =G91*3.42 -> 10.602 | I91: 1ун. | J91: - | K91: 50 м3/час на 1 ун. | L91: - | M91: 50 | N91: - | O91: В7 | Q91: Левое крыло
C92: 210 | D92: ПУИ | E92: В4 | G92: 2.2 | H92: =G92*3.42 -> 7.524 | J92: - | K92: 5 | L92: - | M92: =ROUND(H92*K92,-1) -> 40 | N92: - | O92: В22 | P92: Через ОЗК | Q92: Правое крыло
C93: 211 | D93: Уборная для девочек | G93: 19.1 | H93: =G93*3.42 -> 65.322 | I93: 5ун. | J93: - | K93: 50 м3/час на 1 ун. | L93: - | M93: =50*5 -> 250 | N93: - | O93: В5 | Q93: Левое крыло
C94: 212 | D94: Уборная для мальчиков | G94: 18.8 | H94: =G94*3.42 -> 64.296 | I94: 2ун., 2 пис. | J94: - | K94: 50 м3/час на 1 ун., 25 м3/час на 1 пис. | L94: - | M94: =50*2+2*25 -> 150 | N94: - | O94: В6 | Q94: Правое крыло
C95: 213 | D95: Кабинет индивидуальных занятий, в т.ч. с учителем логопедом | G95: 18.1 | H95: =G95*3.42 -> 61.902 | J95: 2 | K95: 2 | L95: =ROUND(H95*J95,-1) -> 120 | M95: =ROUND(H95*K95,-1) -> 120 | N95: П8 | O95: ВЕ | Q95: Левое крыло
C96: 214 | D96: Административный кабинет | G96: 16.9 | H96: =G96*3.42 -> 57.798 | I96: 2 | J96: 60 м3/час на 1 ч. | K96: 60 м3/час на 1 ч. | L96: =60*I96 -> 120 | M96: =60*I96 -> 120 | N96: П8 | O96: В10 | Q96: Правое крыло
C97: 215 | D97: Учебный кабинет | G97: 52.7 | H97: =G97*3.42 -> 180.234 | I97: 21 | J97: 20 м3/ч на 1 ч., но не менее 2 | K97: 20 м3/ч на 1 ч., но не менее 2 | L97: =MAX(20*I97,ROUND(H97*2,-1)) -> 420 | M97: =MAX(20*I97,ROUND(H97*2,-1)) -> 420 | N97: П5 | O97: ВЕ | Q97: Левое крыло
C98: 216 | D98: Учебный кабинет | G98: 45.6 | H98: =G98*3.42 -> 155.952 | I98: 21 | J98: 20 м3/ч на 1 ч., но не менее 2 | K98: 20 м3/ч на 1 ч., но не менее 2 | L98: =MAX(20*I98,ROUND(H98*2,-1)) -> 420 | M98: =MAX(20*I98,ROUND(H98*2,-1)) -> 420 | N98: П5 | O98: ВЕ | Q98: Левое крыло
C99: 217 | D99: Учебный кабинет | G99: 46.2 | H99: =G99*3.42 -> 158.004 | I99: 21 | J99: 20 м3/ч на 1 ч., но не менее 2 | K99: 20 м3/ч на 1 ч., но не менее 2 | L99: =MAX(20*I99,ROUND(H99*2,-1)) -> 420 | M99: =MAX(20*I99,ROUND(H99*2,-1)) -> 420 | N99: П5 | O99: ВЕ | Q99: Левое крыло
C100: 218 | D100: Учебный кабинет | G100: 46.4 | H100: =G100*3.42 -> 158.688 | I100: 21 | J100: 20 м3/ч на 1 ч., но не менее 2 | K100: 20 м3/ч на 1 ч., но не менее 2 | L100: =MAX(20*I100,ROUND(H100*2,-1)) -> 420 | M100: =MAX(20*I100,ROUND(H100*2,-1)) -> 420 | N100: П5 | O100: ВЕ | Q100: Левое крыло
...

Sheet Таблица ХОВС
A1: Вес, кг | B1: № | C1: Наименование | D1: L, м3/ч | I1: Установка | J1: Фильтр | K1: Напор, Па | L1: N, Вт | M1: Водяной нагреватель | P1: Электрический нагреватель | S1: Заслонка | T1: Шумоглуш. | U1: Г.В. | V1: Исполнение
M2: Темп., С | O2: Q, кВт | P2: Темп., С | R2: Nуст, кВт
D3: П | E3: +(10-15)% | F3: В | G3: +(10-15)% | H3: Всего | M3: от | N3: до | P3: от | Q3: до
B4: П1 | C4: ='П1 Воздух Школа ст.П'!V3 -> Спортивный зал | D4: ='П1 Воздух Школа ст.П'!W3 -> 2190 | E4: =ROUND(D4*1.14,-1) -> 2500 | H4: =SUM(D4:D15) -> 41675 | J4: G4, F7 | K4: 300 | L4: 0.25 | M4: - | N4: - | O4: - | P4: -26 | Q4: 20 | R4: =(E4*1.2*1.005*(Q4-P4))/3600 -> 38.525 | S4: + | T4: + | U4: + | V4: Наружное
B5: П2 | C5: ='П1 Воздух Школа ст.П'!V4 -> Актовый зал, Технический центр, Артистическая | D5: ='П1 Воздух Школа ст.П'!W4 -> 3320 | E5: =ROUND(D5*1.14,-1) -> 3780 | J5: G4, F7 | K5: 300 | L5: 0.25 | M5: - | N5: - | O5: - | P5: -26 | Q5: 20 | R5: =(E5*1.2*1.005*(Q5-P5))/3600 -> 58.2498 | S5: + | T5: + | U5: + | V5: Наружное
B6: П3 | C6: ='П1 Воздух Школа ст.П'!V5 -> Обеденный зал | D6: ='П1 Воздух Школа ст.П'!W5 -> 3190 | E6: =ROUND(D6*1.14,-1) -> 3640 | J6: G4, F7 | K6: 300 | L6: 0.37 | M6: -26 | N6: 20 | O6: =(E6*1.23*1.005*(N6-M6))/3600 -> 57.49471 | P6: - | Q6: - | R6: - | S6: + | T6: + | U6: + | V6: Внутренне
B7: П4 | C7: ='П1 Воздух Школа ст.П'!V6 -> Пищеблок. Производственные помещения | D7: ='П1 Воздух Школа ст.П'!W6 -> 8685 | E7: =ROUND(D7*1.14,-1) -> 9900 | J7: G4, F7 | K7: 400 | L7: 1.1 | M7: -26 | N7: 18 | O7: =(E7*1.23*1.005*(N7-M7))/3600 -> 149.57415 | P7: - | Q7: - | R7: - | S7: + | T7: + | U7: + | V7: Внутренне
B8: П5 | C8: ='П1 Воздух Школа ст.П'!V7 -> Учебные кабинеты. Левое крыло | D8: ='П1 Воздух Школа ст.П'!W7 -> 9055 | E8: =ROUND(D8*1.14,-1) -> 10320 | J8: G4, F7 | K8: 400 | L8: 1.1 | M8: -26 | N8: 20 | O8: =(E8*1.23*1.005*(N8-M8))/3600 -> 163.00698 | P8: - | Q8: - | R8: - | S8: + | T8: + | U8: + | V8: Внутренне
B9: П6 | C9: ='П1 Воздух Школа ст.П'!V8 -> Учебные кабинеты. Правое крыло | D9: ='П1 Воздух Школа ст.П'!W8 -> 5755 | E9: =ROUND(D9*1.14,-1) -> 6560 | J9: G4, F7 | K9: 400 | L9: 5.5 | M9: -26 | N9: 20 | O9: =(E9*1.23*1.005*(N9-M9))/3600 -> 103.61684 | P9: - | Q9: - | R9: - | S9: + | T9: + | U9: + | V9: Внутренне
B10: П7 | C10: ='П1 Воздух Школа ст.П'!V9 -> Медблок | D10: ='П1 Воздух Школа ст.П'!W9 -> 520 | E10: =ROUND(D10*1.14,-1) -> 590 | J10: G4, F7, F9 | K10: 200 | L10: 1.5 | M10: - | N10: - | O10: - | P10: -26 | Q10: 20 | R10: =(E10*1.2*1.005*(Q10-P10))/3600 -> 9.0919 | S10: + | T10: + | U10: + | V10: Наружное
B11: П8 | C11: ='П1 Воздух Школа ст.П'!V10 -> Админ. кабинеты Коридоры с реакреациями, Помещения СС, Комната охраны, Коридор 1-этажа. | D11: ='П1 Воздух Школа ст.П'!W10 -> 5790 | E11: =ROUND(D11*1.14,-1) -> 6600 | J11: G4, F7 | K11: 400 | L11: 4 | M11: -26 | N11: 20 | O11: =(E11*1.23*1.005*(N11-M11))/3600 -> 104.24865 | P11: - | Q11: - | R11: - | S11: + | T11: + | U11: + | V11: Внутренне
B12: П9 | C12: ='П1 Воздух Школа ст.П'!V11 -> Гимнастический зал (хореография) | D12: ='П1 Воздух Школа ст.П'!W11 -> 1320 | E12: =ROUND(D12*1.14,-1) -> 1500 | J12: G4, F7 | K12: 200 | L12: 0.75 | M12: -26 | N12: 20 | O12: =(E12*1.23*1.005*(N12-M12))/3600 -> 23.692875 | P12: - | Q12: - | R12: - | S12: + | T12: + | U12: + | V12: Внутренне
B13: П10 | C13: ='П1 Воздух Школа ст.П'!V12 -> Венткамеры. Правое крыло | D13: ='П1 Воздух Школа ст.П'!W12 -> 550 | E13: =ROUND(D13*1.14,-1) -> 630 | J13: G4 | K13: 200 | L13: 7.5 | M13: -26 | N13: 18 | O13: =(E13*1.23*1.005*(N13-M13))/3600 -> 9.518355 | P13: - | Q13: - | R13: - | S13: + | T13: + | U13: + | V13: Внутренне
B14: П11 | C14: ='П1 Воздух Школа ст.П'!V13 -> ИТП | D14: ='П1 Воздух Школа ст.П'!W13 -> 1070 | E14: =ROUND(D14*1.14,-1) -> 1220 | J14: G4 | K14: 200 | L14: 7.5 | M14: - | N14: - | O14: - | P14: - | Q14: - | R14: - | S14: + | T14: + | U14: + | V14: Внутренне
B15: П12 | C15: ='П1 Воздух Школа ст.П'!V14 -> Венткамера. Левое крыло | D15: ='П1 Воздух Школа ст.П'!W14 -> 230 | E15: =ROUND(D15*1.14,-1) -> 260 | J15: G4 | K15: 200 | L15: 7.5 | M15: -26 | N15: 18 | O15: =(E15*1.23*1.005*(N15-M15))/3600 -> 3.92821 | P15: - | Q15: - | R15: - | S15: + | T15: + | U15: + | V15: Внутренне
B17: В1 | C17: ='П1 Воздух Школа ст.П'!V16 -> Спортивный зал | F17: ='П1 Воздух Школа ст.П'!W16 -> 2190 | G17: =ROUND(F17*1.13,-1) -> 2470 | H17: =SUM(F17:F40) -> 17915 | J17: - | K17: 300 | L17: 0.27 | M17: - | N17: - | O17: - | P17: - | Q17: - | R17: - | S17: + | T17: + | U17: + | V17: Наружное
B18: В2 | C18: ='П1 Воздух Школа ст.П'!V17 -> Актовый зал, Технический центр, Артистическая | F18: ='П1 Воздух Школа ст.П'!W17 -> 3320 | G18: =ROUND(F18*1.13,-1) -> 3750 | J18: - | K18: 300 | L18: 0.27 | M18: - | N18: - | O18: - | P18: - | Q18: - | R18: - | S18: + | T18: + | U18: + | V18: Наружное
B19: В3 | C19: ='П1 Воздух Школа ст.П'!V18 -> Обеденный зал | F19: ='П1 Воздух Школа ст.П'!W18 -> 2200 | G19: =ROUND(F19*1.13,-1) -> 2490 | J19: - | K19: 300 | L19: 0.87 | M19: - | N19: - | O19: - | P19: - | Q19: - | R19: - | S19: + | T19: + | U19: + | V19: Внутренне
B20: В4 | C20: ='П1 Воздух Школа ст.П'!V19 -> Пищеблок. Производственные помещения | F20: ='П1 Воздух Школа ст.П'!W19 -> 1070 | G20: =ROUND(F20*1.13,-1) -> 1210 | J20: - | K20: 400 | L20: 0.87 | M20: - | N20: - | O20: - | P20: - | Q20: - | R20: - | S20: + | T20: + | U20: + | V20: Внутренне
B21: В5 | C21: ='П1 Воздух Школа ст.П'!V20 -> Санузлы и душевые женские, санузел МГН, санузел персонала 1-й этаж | F21: ='П1 Воздух Школа ст.П'!W20 -> 1355 | G21: =ROUND(F21*1.13,-1) -> 1530 | J21: - | K21: 400 | L21: 0.55 | M21: - | N21: - | O21: - | P21: - | Q21: - | R21: - | S21: + | T21: + | U21: + | V21: Внутренне
B22: В6 | C22: ='П1 Воздух Школа ст.П'!V21 -> Санузлы и душевые мужские | F22: ='П1 Воздух Школа ст.П'!W21 -> 1055 | G22: =ROUND(F22*1.13,-1) -> 1190 | J22: - | K22: 300 | L22: 0.07 | M22: - | N22: - | O22: - | P22: - | Q22: - | R22: - | S22: + | T22: + | U22: + | V22: Внутренне
B23: В7 | C23: ='П1 Воздух Школа ст.П'!V22 -> Санузлы персонала 2-4 этажи, Подсобные помещения. Левое крыло | F23: ='П1 Воздух Школа ст.П'!W22 -> 210 | G23: =ROUND(F23*1.13,-1) -> 240 | J23: - | K23: 300 | L23: 0.07 | M23: - | N23: - | O23: - | P23: - | Q23: - | R23: - | S23: + | T23: + | U23: + | V23: Внутренне
B24: В8 | C24: ='П1 Воздух Школа ст.П'!V23 -> Помещение для хранения уборочного инвентаря, приготовления дезинфицирующих растворов | F24: ='П1 Воздух Школа ст.П'!W23 -> 100 | G24: =ROUND(F24*1.13,-1) -> 110 | J24: - | K24: 400 | L24: 5.5 | M24: - | N24: - | O24: - | P24: - | Q24: - | R24: - | S24: + | T24: + | U24: + | V24: Внутренне
B25: В9 | C25: ='П1 Воздух Школа ст.П'!V24 -> Гимнастический зал и раздевальные к нему | F25: ='П1 Воздух Школа ст.П'!W24 -> 1320 | G25: =ROUND(F25*1.13,-1) -> 1490 | J25: - | K25: 400 | L25: 1.5 | M25: - | N25: - | O25: - | P25: - | Q25: - | R25: - | S25: + | T25: + | U25: + | V25: Внутренне
B26: В10 | C26: ='П1 Воздух Школа ст.П'!V25 -> Кабинет учителей 1-й этаж, Административный кабинет 2-й этаж. Правое крыло | F26: ='П1 Воздух Школа ст.П'!W25 -> 480 | G26: =ROUND(F26*1.13,-1) -> 540 | J26: - | K26: 300 | L26: 0.25 | M26: - | N26: - | O26: - | P26: - | Q26: - | R26: - | S26: + | T26: + | U26: + | V26: Внутренне
B27: В11 | C27: ='П1 Воздух Школа ст.П'!V26 -> Гардеробы, кладовая | F27: ='П1 Воздух Школа ст.П'!W26 -> 660 | G27: =ROUND(F27*1.13,-1) -> 750 | J27: - | K27: 300 | L27: 0.18 | M27: - | N27: - | O27: - | P27: - | Q27: - | R27: - | S27: + | T27: + | U27: + | V27: Внутренне
B28: В12 | C28: ='П1 Воздух Школа ст.П'!V27 -> Электрощитовая | F28: ='П1 Воздух Школа ст.П'!W27 -> 50 | G28: =ROUND(F28*1.13,-1) -> 60 | J28: - | K28: 400 | L28: 3.5 | M28: - | N28: - | O28: - | P28: - | Q28: - | R28: - | S28: + | T28: + | U28: + | V28: Внутренне
B29: В13 | C29: ='П1 Воздух Школа ст.П'!V28 -> Комната охраны | F29: ='П1 Воздух Школа ст.П'!W28 -> 120 | G29: =ROUND(F29*1.13,-1) -> 140 | J29: - | K29: 300 | L29: 0.115 | M29: - | N29: - | O29: - | P29: - | Q29: - | R29: - | S29: + | T29: + | U29: + | V29: Внутренне
... B41: В25 | C41: ='П1 Воздух Школа ст.П'!V40 -> Кладовая сухих продуктов | F41: ='П1 Воздух Школа ст.П'!W40 -> 50 | G41: =ROUND(F41*1.13,-1) -> 60 | J41: - | K41: 50 | L41: 0.07 | M41: - | N41: - | O41: - | P41: - | Q41: - | R41: - | S41: + | T41: + | U41: + | V41: Внутренне
B43: МО1 | C43: Зонт вытяжной над оборудованием №52 по ТХ | F43: =SUM('П1 Воздух Школа ст.П'!M30,'П1 Воздух Школа ст.П'!M31) -> 1200 | J43: - | K43: 300 | L43: 0.07 | M43: - | N43: - | O43: - | P43: - | Q43: - | R43: - | S43: + | T43: + | U43: +
B44: МО2 | C44: Зонт вытяжной над лазерным станком №69 по ТХ | F44: =SUM('П1 Воздух Школа ст.П'!M34) -> 700 | J44: - | K44: 300 | L44: 0.07 | M44: - | N44: - | O44: - | P44: - | Q44: - | R44: - | S44: + | T44: + | U44: +
B45: МО3 | C45: Зонт вытяжной над оборудованием №124 по ТХ | F45: =SUM('П1 Воздух Школа ст.П'!M57) -> 2000 | J45: - | K45: 300 | L45: 0.07 | M45: - | N45: - | O45: - | P45: - | Q45: - | R45: - | S45: + | T45: + | U45: +
B46: МО4 | C46: Зонт вытяжной над оборудованием №126,218 по ТХ | F46: =SUM('П1 Воздух Школа ст.П'!M58,'П1 Воздух Школа ст.П'!M59) -> 1500 | J46: - | K46: 300 | L46: 0.07 | M46: - | N46: - | O46: - | P46: - | Q46: - | R46: - | S46: + | T46: + | U46: +
B47: МО5 | C47: Зонт вытяжной над оборудованием №132 по ТХ | F47: =SUM('П1 Воздух Школа ст.П'!M62) -> 800 | J47: - | K47: 300 | L47: 0.22 | M47: - | N47: - | O47: - | P47: - | Q47: - | R47: - | S47: + | T47: + | U47: +
B48: МО6 | C48: Зонт вытяжной над оборудованием №136 по ТХ | F48: =SUM('П1 Воздух Школа ст.П'!M69) -> 1300 | J48: - | K48: 300 | L48: 0.22 | M48: - | N48: - | O48: - | P48: - | Q48: - | R48: - | S48: + | T48: + | U48: +
B49: МО7 | C49: Зонт вытяжной над оборудованием №164 по ТХ | F49: =SUM('П1 Воздух Школа ст.П'!M70) -> 1400 | J49: - | K49: 300 | L49: 0.22 | M49: - | N49: - | O49: - | P49: - | Q49: - | R49: - | S49: + | T49: + | U49: +
B50: МО8 | C50: Зонт вытяжной над оборудованием №122 по ТХ | F50: =SUM('П1 Воздух Школа ст.П'!M71) -> 1200 | J50: - | K50: 300 | L50: 0.22 | M50: - | N50: - | O50: - | P50: - | Q50: - | R50: - | S50: + | T50: + | U50: +
B52: ВЕ | F52: ='П1 Воздух Школа ст.П'!W42 -> 13610 | G52: =ROUND(F52*1.1,-1) -> 14970 | I52: Естественная | J52: - | K52: 300 | L52: 0.07 | M52: - | N52: - | O52: - | P52: - | Q52: - | R52: - | S52: + | T52: + | U52: +
D54: =SUM(D4:D50) -> 41675 | F54: =SUM(F4:F50,F52) -> 41675 | L54: =SUM(L4:L50) -> 60.06 | O54: =SUM(O4:O15) -> 615.08077 | R54: =SUM(R4:R15) -> 105.8667
O55: =O54/1.163/1000 -> 0.52887426

Sheet Легенда систем
A1: Система | B1: Цвет | C1: Тип | D1: Наименование по ХОВС / примечание
A3: П1 | C3: Приток | D3: Спортивный зал
A4: П2 | C4: Приток | D4: Актовый зал, Технический центр, Артистическая
A5: П3 | C5: Приток | D5: Обеденный зал
A6: П4 | C6: Приток | D6: Пищеблок. Производственные помещения
A7: П5 | C7: Приток | D7: Админ. кабинеты + реакреации. Левое крыло
A8: П6 | C8: Приток | D8: Админ. кабинеты + реакреации, Помещения СС. Правое крыло
A9: П7 | C9: Приток | D9: Медблок
A10: П8 | C10: Приток | D10: Коридоры, помещения СС. Левое крыло
A11: П9 | C11: Приток | D11: Гимнастический зал (хореография)
A12: П10 | C12: Приток | D12: Венткамеры
A13: П11 | C13: Приток | D13: ИТП
A15: В1 | C15: Вытяжка | D15: Спортивный зал
... A47: МО8 | C47: Местный отсос | D47: Зонт вытяжной над оборудованием №122 по ТХ
A48: ВЕ | C48: Вытяжка естественная
